Player_Name,Primary_Position,Out_Of_Position_Vulnerability,Drops_In_Vulnerability,Total_Career_Drops
Abdul Samad,Long On,Deep Mid-Wicket,1,2
A Tomar,Third Man,Third Man,1,1
A Manohar,Deep Mid-Wicket,Deep Mid-Wicket,1,1
Abhishek Sharma,Long On,Long On,1,1
Akash Deep,Fine Leg / Mid-On,Deep Point,1,3
AS Joseph,Third Man,Third Man,1,1
AT Rayudu,Cover,Cover,1,1
Anuj Rawat,Deep Mid-Wicket,Deep Mid-Wicket,1,1
Arshdeep Singh,Deep Mid-Wicket,Fine Leg,1,3
Atharva Taide,Deep Square Leg,Deep Square Leg,1,1
AR Patel,Deep Mid-Wicket,Extra Cover,1,4
C Green,Long On,Long On,2,2
Cariappa,Deep Point,Not Available,0,0
CH Morris,Long On,Long On,1,1
DG Nalkande,Deep Mid-Wicket,Deep Mid-Wicket,1,1
DJ Mitchell,Long Off,Long Off,1,1
DA Miller,Deep Mid-Wicket,Long On,1,2
DL Chahar,Point,Deep Square Leg,1,3
DJ Hooda,Deep Mid-Wicket,Deep Mid-Wicket,1,1
D Padikkal,Long On,Point,1,5
Dinesh Karthik,Wicketkeeper,Wicketkeeper,3,3
EJG Morgan,Extra Cover,Extra Cover,1,1
F du Plessis,Long On,Mid-Off,1,2
GHS Garton,Deep Square Leg,Deep Square Leg,1,1
GJ Maxwell,Deep Mid-Wicket,Long On,3,11
HH Pandya,Long On,Mid-Off,2,7
Harpreet Brar,Deep Mid-Wicket,Deep Mid-Wicket,1,1
HV Patel,Deep Mid-Wicket,Fine Leg,1,7
Harshit Rana,Short Third Man,Long On,2,4
H Klaasen,Wicketkeeper,Wicketkeeper,1,1
HR Shokeen,Long Off,Long Off,1,1
Ishan Kishan,Wicketkeeper,Wicketkeeper,7,7
Jalaj S Saxena,Deep Square Leg,Deep Square Leg,1,1
JC Archer,Short Third Man,Mid-Off,1,4
JM Bairstow,First Slip,First Slip,1,1
KL Rahul,Wicketkeeper,Extra Cover,1,3
K Rabada,Long On,Long On,1,1
KK Ahmed,Short Third Man,Short Third Man,3,3
KA Pollard,Long On,Long On,2,2
K Gowtham,Long Off,Long Off,1,1
KH Pandya,Deep Mid-Wicket,Point,2,7
Kulkarni,Third Man,Third Man,1,1
KR Mayers,Deep Square Leg,Deep Square Leg,1,1
Lalit Yadav,Backward Point,Long On,1,2
Lewis,Cover,Cover,1,1
LB Williams,Third Man,Third Man,1,1
MS Dhoni,Wicketkeeper,Wicketkeeper,1,1
M Theekshana,Short Fine Leg,Short Fine Leg,1,1
MK Pandey,Extra Cover,Long On,1,2
MA Agarwal,Deep Mid-Wicket,Extra Cover,1,4
M Markande,Short Third Man,Backward Point,1,3
MR Marsh,Point,Point,1,1
MJ Santner,Deep Mid-Wicket,Deep Mid-Wicket,1,1
MA Starc,Fine Leg,Fine Leg,2,2
MM Ali,Extra Cover,Extra Cover,3,3
Mohammad Nabi,Long On,Long On,1,1
Mohammed Siraj,Fine Leg,Long On,3,15
Mukesh Choudhary,Short Fine Leg,Deep Mid-Wicket (Under Lights),3,7
Mukesh Kumar,Backward Point,Backward Point,1,1
M Ashwin,Deep Square Leg,Deep Square Leg,1,1
Naman Dhir,Deep Square Leg,Deep Square Leg,1,1
Nehal Wadhera,Cover / Mid-Wicket,Long Off,1,3
N Pooran,Deep Mid-Wicket,Deep Mid-Wicket,2,2
OF Smith,Deep Mid-Wicket,Deep Mid-Wicket,2,2
PP Chawla,Short Third Man,Short Third Man,1,1
P Simran Singh,Deep Mid-Wicket,Deep Mid-Wicket,1,1
PP Shaw,Extra Cover,Extra Cover,3,3
PK Garg,Mid-Off,Mid-Off,1,1
Q de Kock,Wicketkeeper,Wicketkeeper,1,1
RD Chahar,Short Third Man,Point,1,3
R Tewatia,Deep Square Leg,Backward Point,1,3
RA Tripathi,Long Off,Cover,1,2
RM Patidar,Deep Mid-Wicket,Extra Cover,1,2
Rashid Khan,Long On,Mid-Off,2,9
Ravi Bishnoi,Backward Point,Deep Square Leg,1,6
R Ashwin,Third Man,Third Man,1,1
RA Jadeja,Deep Mid-Wicket,Extra Cover,1,4
RR Pant,Wicketkeeper,Wicketkeeper,7,7
R Dhawan,Fine Leg,Fine Leg,1,1
R Parag,Long On,Long Off,1,7
RD Gaikwad,Extra Cover,Extra Cover,1,1
SM Curran,Mid-Off,Long On,3,12
SV Samson,Wicketkeeper,Wicketkeeper,2,2
Saurav Chauhan,Deep Mid-Wicket,Deep Mid-Wicket,1,1
SN Thakur,Deep Square Leg,Deep Square Leg,1,1
S Dube,Deep Mid-Wicket,Cover,1,4
Shivam Mavi,Third Man / Fine Leg,Point,1,4
SS Iyer,Extra Cover,Extra Cover,1,1
Shubman Gill,Long On,Mid-Off,1,3
SP Narine,Short Third Man,Mid-Off,1,4
Suyash Sharma,Short Third Man,Short Third Man,2,2
T Natarajan,Fine Leg,Fine Leg,2,2
Tilak Varma,Short Mid-Wicket,Short Mid-Wicket,1,1
TH David,Mid-Off,Long On,3,9
T Stubbs,Long On,Long On,2,2
UT Yadav,Fine Leg,Short Fine Leg,1,3
Varun Chakaravarthy,Short Fine Leg,Short Third Man,1,2
VR Iyer,Extra Cover,Long Off,1,2
V Shankar,Long On,Long On,2,2
V Kohli,Mid-Off,Short Mid-Wicket,1,5
Washington Sundar,Deep Mid-Wicket,Extra Cover,2,6
Yash Dayal,Fine Leg / Third Man,Long Off (High Catches),3,6
YV Dhull,Point,Point,2,2
YBK Jaiswal,Backward Point,Backward Point,1,1
YS Chahal,Short Third Man,Point,1,5
catch,Short Fine Leg,Not Available,0,0
Pathum Nissanka,Cover / Mid-Wicket,Point,1,4
Abhishek Porel,Wicketkeeper,Deep Square Leg,0,1
Sameer Rizvi,Deep Mid-Wicket,Long On (High Balls),1,2
Kyle Jamieson,Fine Leg / Third Man,Point (Slow to ground),2,6
Angkrish Raghuvanshi,Cover / Point,Deep Mid-Wicket,0,1
Ramandeep Singh,Point / Cover (Elite),None,0,1
Vaibhav Arora,Fine Leg / Third Man,Sweeper Cover,1,3
Arjun Tendulkar,Short Fine Leg,Deep Square Leg,1,2
Shashank Singh,Long On / Long Off,Slips,1,2
Musheer Khan,Point / Cover,Deep Fine Leg,0,1
Cooper Connolly,Point / Backward Point,None,0,0
Ben Dwarshuis,Third Man / Fine Leg,Long On,2,5
Vyshak Vijaykumar,Short Third Man,Deep Mid-Wicket,1,3
Donovan Ferreira,Wicketkeeper / Mid-Wicket,Slips,0,2
Kwena Maphaka,Fine Leg,Point,1,1
Jacob Bethell,Cover / Point,None,0,1
Nuwan Thushara,Deep Fine Leg,Long On (Under Lights),2,4
Swapnil Singh,Short Third Man / Mid-Off,Deep Square Leg,1,3
Nitish Kumar Reddy,Deep Mid-Wicket / Long On,Slips,1,2
Kamindu Mendis,Cover / Mid-Wicket,Deep Point,1,3
Brydon Carse,Long On / Deep Mid-Wicket,Short Leg,0,2
Dewald Brevis,Long On / Long Off,Slips,1,3
Jamie Overton,Slips / Short Third Man,Deep Cover,2,5
Tom Banton,Wicketkeeper,Deep Square Leg,0,2
Ryan Rickelton,Wicketkeeper,Point,0,1
Allah Ghazanfar,Short Third Man,Deep Mid-Wicket,1,2
Corbin Bosch,Cover / Mid-Wicket,None,0,1
